time.yy;time.mm;time.dd;time.hh;tre200h0;gls;str.diffus;ground_temp
2018;1;1;0;-0.1;1;0;6.238265132
2018;1;1;1;0;0;0;6.236708409
2018;1;1;2;0.1;3;0;6.235152395
2018;1;1;3;0;0;0;6.23359709
2018;1;1;4;-0.2;0;0;6.232042495
2018;1;1;5;0.1;1;0;6.230488611
2018;1;1;6;0.1;0;0;6.22893544
2018;1;1;7;0.2;3;0;6.22738298
2018;1;1;8;0.4;43;43;6.225831235
2018;1;1;9;0.8;130;100;6.224280203
2018;1;1;10;0.9;171;135;6.222729887
2018;1;1;11;2.3;347;163;6.221180287
2018;1;1;12;2.9;202;154;6.219631404
2018;1;1;13;2.5;149;129;6.218083238
2018;1;1;14;2.6;66;66;6.216535791
2018;1;1;15;2.4;26;26;6.214989063
2018;1;1;16;2.1;2;0;6.213443055
2018;1;1;17;1.7;0;0;6.211897768
2018;1;1;18;1.8;0;0;6.210353202
2018;1;1;19;2;0;0;6.208809359
2018;1;1;20;2;0;0;6.20726624
2018;1;1;21;2;2;0;6.205723844
2018;1;1;22;1.7;0;0;6.204182174
2018;1;1;23;1.6;0;0;6.202641229
2018;1;2;0;0.6;0;0;6.201101011
2018;1;2;1;-0.1;0;0;6.199561521
2018;1;2;2;0.4;2;0;6.198022759
2018;1;2;3;0.9;0;0;6.196484725
2018;1;2;4;1.3;0;0;6.194947422
2018;1;2;5;1.7;1;0;6.193410849
2018;1;2;6;1.7;0;0;6.191875008
2018;1;2;7;1.9;4;0;6.190339899
2018;1;2;8;2.2;58;58;6.188805523
2018;1;2;9;2.4;209;92;6.187271881
2018;1;2;10;3;264;95;6.185738973
2018;1;2;11;3.9;323;94;6.184206802
2018;1;2;12;3.4;225;152;6.182675366
2018;1;2;13;4;199;107;6.181144668
2018;1;2;14;3.5;80;77;6.179614708
2018;1;2;15;2.7;28;28;6.178085486
2018;1;2;16;2.4;1;0;6.176557004
2018;1;2;17;2.4;0;0;6.175029262
2018;1;2;18;2.3;0;0;6.173502262
2018;1;2;19;2.2;1;0;6.171976004
2018;1;2;20;2;0;0;6.170450488
2018;1;2;21;1.9;1;0;6.168925716
2018;1;2;22;1.9;0;0;6.167401689
2018;1;2;23;1.8;0;0;6.165878406
2018;1;3;0;1.7;1;0;6.16435587
2018;1;3;1;1.4;0;0;6.162834081
2018;1;3;2;1.4;1;0;6.161313039
2018;1;3;3;1.4;0;0;6.159792746
2018;1;3;4;1.3;0;0;6.158273202
2018;1;3;5;1.2;0;0;6.156754408
2018;1;3;6;1.2;1;0;6.155236364
2018;1;3;7;1;3;0;6.153719073
2018;1;3;8;0.8;26;26;6.152202534
2018;1;3;9;1;61;61;6.150686748
2018;1;3;10;1.3;114;113;6.149171716
2018;1;3;11;1.4;156;143;6.147657439
2018;1;3;12;1.6;230;140;6.146143918
2018;1;3;13;1.4;285;83;6.144631153
2018;1;3;14;0.5;180;66;6.143119146
2018;1;3;15;-0.1;55;30;6.141607897
2018;1;3;16;-1;1;0;6.140097406
2018;1;3;17;-1.6;0;0;6.138587675
2018;1;3;18;-1.7;0;0;6.137078705
2018;1;3;19;-2;0;0;6.135570496
2018;1;3;20;-2.6;1;0;6.134063048
2018;1;3;21;-2.9;0;0;6.132556364
2018;1;3;22;-2.7;1;0;6.131050443
2018;1;3;23;-3.1;0;0;6.129545287
2018;1;4;0;-3.3;1;0;6.128040896
2018;1;4;1;-3.1;0;0;6.126537271
2018;1;4;2;-2.6;0;0;6.125034413
2018;1;4;3;-1.9;1;0;6.123532323
2018;1;4;4;-1.5;0;0;6.122031001
2018;1;4;5;-1.1;0;0;6.120530448
2018;1;4;6;-1.9;1;0;6.119030665
2018;1;4;7;-2.4;4;0;6.117531653
2018;1;4;8;-2.6;46;46;6.116033413
2018;1;4;9;-2.4;99;91;6.114535945
2018;1;4;10;-1.9;152;136;6.11303925
2018;1;4;11;-1.5;160;157;6.111543329
2018;1;4;12;-1.1;187;158;6.110048183
2018;1;4;13;-0.7;143;128;6.108553812
2018;1;4;14;-0.6;83;82;6.107060218
2018;1;4;15;-0.3;27;27;6.105567401
2018;1;4;16;-0.8;1;0;6.104075361
2018;1;4;17;-1.4;0;0;6.102584101
2018;1;4;18;-0.9;1;0;6.10109362
2018;1;4;19;-0.1;0;0;6.099603919
2018;1;4;20;0.3;0;0;6.098114999
2018;1;4;21;1.1;0;0;6.096626861
2018;1;4;22;1.2;0;0;6.095139506
2018;1;4;23;1.3;0;0;6.093652934
2018;1;5;0;1.5;0;0;6.092167147
2018;1;5;1;1.8;0;0;6.090682144
2018;1;5;2;2;0;0;6.089197927
2018;1;5;3;2;0;0;6.087714497
2018;1;5;4;2.3;0;0;6.086231854
2018;1;5;5;2.5;0;0;6.084749999
2018;1;5;6;2.4;2;0;6.083268934
2018;1;5;7;2.7;1;0;6.081788657
2018;1;5;8;2.4;30;30;6.080309172
2018;1;5;9;2.8;55;55;6.078830477
2018;1;5;10;3;70;70;6.077352575
2018;1;5;11;3.9;192;147;6.075875466
2018;1;5;12;4.5;148;139;6.07439915
2018;1;5;13;4.9;177;121;6.072923628
2018;1;5;14;5.4;184;103;6.071448902
2018;1;5;15;4.7;40;30;6.069974971
2018;1;5;16;2.9;0;0;6.068501838
2018;1;5;17;2.4;0;0;6.067029501
2018;1;5;18;1.9;2;0;6.065557964
2018;1;5;19;0.9;0;0;6.064087225
2018;1;5;20;0.4;2;0;6.062617286
2018;1;5;21;0.3;0;0;6.061148147
2018;1;5;22;0.5;0;0;6.05967981
2018;1;5;23;0.6;1;0;6.058212276
2018;1;6;0;0.9;0;0;6.056745544
2018;1;6;1;1.3;0;0;6.055279616
2018;1;6;2;1.7;2;0;6.053814492
2018;1;6;3;1.7;0;0;6.052350174
2018;1;6;4;1.7;0;0;6.050886661
2018;1;6;5;1.4;1;0;6.049423956
2018;1;6;6;1.2;0;0;6.047962058
2018;1;6;7;0.6;5;0;6.046500968
2018;1;6;8;0.7;29;29;6.045040688
2018;1;6;9;1.2;48;48;6.043581217
2018;1;6;10;1.9;118;116;6.042122558
2018;1;6;11;2.4;85;85;6.040664709
2018;1;6;12;2.9;79;79;6.039207673
2018;1;6;13;2.9;63;63;6.03775145
2018;1;6;14;3;43;43;6.03629604
2018;1;6;15;2.8;21;21;6.034841446
2018;1;6;16;2.4;2;0;6.033387666
2018;1;6;17;1.5;1;0;6.031934702
2018;1;6;18;1;0;0;6.030482556
2018;1;6;19;0.8;1;0;6.029031227
2018;1;6;20;0.8;0;0;6.027580716
2018;1;6;21;0.4;1;0;6.026131024
2018;1;6;22;0.4;0;0;6.024682153
2018;1;6;23;0.4;2;0;6.023234102
2018;1;7;0;-0.4;0;0;6.021786872
2018;1;7;1;-0.6;0;0;6.020340465
2018;1;7;2;-0.5;1;0;6.01889488
2018;1;7;3;-0.5;0;0;6.01745012
2018;1;7;4;-0.6;0;0;6.016006184
2018;1;7;5;-0.3;2;0;6.014563073
2018;1;7;6;-0.1;0;0;6.013120788
2018;1;7;7;0.3;3;0;6.01167933
2018;1;7;8;0.3;42;42;6.010238699
2018;1;7;9;1;181;90;6.008798897
2018;1;7;10;2;287;70;6.007359924
2018;1;7;11;3.4;322;65;6.00592178
2018;1;7;12;4.6;327;63;6.004484468
2018;1;7;13;5.5;280;59;6.003047986
2018;1;7;14;5.7;181;67;6.001612337
2018;1;7;15;4.7;44;34;6.00017752
2018;1;7;16;3.5;2;0;5.998743537
2018;1;7;17;1.7;0;0;5.997310389
2018;1;7;18;1;0;0;5.995878076
2018;1;7;19;0.4;0;0;5.994446598
2018;1;7;20;0.3;0;0;5.993015957
2018;1;7;21;-0.1;0;0;5.991586154
2018;1;7;22;-0.8;0;0;5.990157189
2018;1;7;23;-1.1;0;0;5.988729063
2018;1;8;0;-1.2;1;0;5.987301776
2018;1;8;1;-1.5;0;0;5.98587533
2018;1;8;2;-1.5;0;0;5.984449725
2018;1;8;3;-1.2;1;0;5.983024962
2018;1;8;4;-1;0;0;5.981601041
2018;1;8;5;-1;0;0;5.980177964
2018;1;8;6;-0.7;2;0;5.978755732
2018;1;8;7;-0.6;1;0;5.977334344
2018;1;8;8;-0.7;38;38;5.975913802
2018;1;8;9;0.4;28;28;5.974494106
2018;1;8;10;0.9;173;118;5.973075258
2018;1;8;11;1.7;302;143;5.971657257
2018;1;8;12;2.8;345;85;5.970240105
2018;1;8;13;3.6;281;85;5.968823803
2018;1;8;14;4;145;82;5.967408351
2018;1;8;15;3.5;31;31;5.96599375
2018;1;8;16;2.1;2;0;5.96458
2018;1;8;17;1.7;0;0;5.963167103
2018;1;8;18;1.5;0;0;5.961755059
2018;1;8;19;1.1;0;0;5.960343869
2018;1;8;20;1.2;0;0;5.958933534
2018;1;8;21;1.1;0;0;5.957524054
2018;1;8;22;1.1;0;0;5.95611543
2018;1;8;23;1.1;0;0;5.954707664
2018;1;9;0;1.2;0;0;5.953300755
2018;1;9;1;1.3;0;0;5.951894704
2018;1;9;2;1.3;0;0;5.950489512
2018;1;9;3;1.4;0;0;5.949085181
2018;1;9;4;1.4;0;0;5.94768171
2018;1;9;5;1.5;2;0;5.9462791
2018;1;9;6;1.3;0;0;5.944877352
2018;1;9;7;1.1;2;0;5.943476468
2018;1;9;8;1.2;22;22;5.942076447
2018;1;9;9;2;57;57;5.94067729
2018;1;9;10;2.8;108;108;5.939278998
2018;1;9;11;3;148;146;5.937881572
2018;1;9;12;4;157;154;5.936485013
2018;1;9;13;4.7;153;135;5.935089321
2018;1;9;14;4.7;83;82;5.933694497
2018;1;9;15;4.5;26;26;5.932300542
2018;1;9;16;4.2;1;0;5.930907456
2018;1;9;17;4;1;0;5.92951524
2018;1;9;18;3.4;1;0;5.928123896
2018;1;9;19;3.3;1;0;5.926733423
2018;1;9;20;3;0;0;5.925343823
2018;1;9;21;3.2;0;0;5.923955095
2018;1;9;22;3.1;2;0;5.922567242
2018;1;9;23;3;0;0;5.921180263
2018;1;10;0;3;0;0;5.91979416
2018;1;10;1;3;1;0;5.918408933
2018;1;10;2;3.1;0;0;5.917024583
2018;1;10;3;2.9;0;0;5.91564111
2018;1;10;4;2.8;1;0;5.914258516
2018;1;10;5;2.9;0;0;5.9128768
2018;1;10;6;3.1;0;0;5.911495965
2018;1;10;7;3.1;1;0;5.91011601
2018;1;10;8;3.2;8;8;5.908736936
2018;1;10;9;3.4;24;24;5.907358744
2018;1;10;10;3.2;40;40;5.905981435
2018;1;10;11;3.5;87;87;5.904605009
2018;1;10;12;3.4;60;60;5.903229467
2018;1;10;13;3.4;54;54;5.90185481
2018;1;10;14;3.3;26;26;5.900481039
2018;1;10;15;3.1;17;17;5.899108154
2018;1;10;16;2.9;2;0;5.897736157
2018;1;10;17;2.8;0;0;5.896365047
2018;1;10;18;2.6;1;0;5.894994825
2018;1;10;19;2.6;0;0;5.893625493
2018;1;10;20;2.4;2;0;5.89225705
2018;1;10;21;2.4;0;0;5.890889499
2018;1;10;22;2.3;0;0;5.889522838
2018;1;10;23;2.2;2;0;5.88815707
2018;1;11;0;2.2;0;0;5.886792195
2018;1;11;1;2.2;0;0;5.885428213
2018;1;11;2;2.1;2;0;5.884065125
2018;1;11;3;2;0;0;5.882702933
2018;1;11;4;2.1;0;0;5.881341636
2018;1;11;5;2.1;1;0;5.879981236
2018;1;11;6;2.3;0;0;5.878621733
2018;1;11;7;2.4;3;0;5.877263127
2018;1;11;8;2.5;19;19;5.875905421
2018;1;11;9;2.6;40;40;5.874548613
2018;1;11;10;2.8;33;33;5.873192706
2018;1;11;11;2.8;39;39;5.871837699
2018;1;11;12;3;42;42;5.870483594
2018;1;11;13;3.1;51;51;5.869130391
2018;1;11;14;3.1;46;46;5.867778091
2018;1;11;15;2.9;15;15;5.866426694
2018;1;11;16;2.7;1;0;5.865076202
2018;1;11;17;2.7;0;0;5.863726615
2018;1;11;18;2.6;1;0;5.862377934
2018;1;11;19;2.7;0;0;5.861030159
2018;1;11;20;2.6;0;0;5.859683291
2018;1;11;21;2.3;0;0;5.858337331
2018;1;11;22;2.2;0;0;5.85699228
2018;1;11;23;2;2;0;5.855648138
2018;1;12;0;1.8;0;0;5.854304906
2018;1;12;1;1.7;0;0;5.852962585
2018;1;12;2;1.5;2;0;5.851621175
2018;1;12;3;1.5;0;0;5.850280678
2018;1;12;4;1.5;0;0;5.848941093
2018;1;12;5;1.6;0;0;5.847602422
2018;1;12;6;1.5;1;0;5.846264665
2018;1;12;7;1.4;1;0;5.844927823
2018;1;12;8;1.3;11;11;5.843591897
2018;1;12;9;1.3;37;37;5.842256887
2018;1;12;10;1.5;69;69;5.840922794
2018;1;12;11;1.7;115;115;5.839589619
2018;1;12;12;1.8;145;139;5.838257363
2018;1;12;13;2.1;200;151;5.836926026
2018;1;12;14;2.2;152;89;5.835595609
2018;1;12;15;2;57;49;5.834266112
2018;1;12;16;1.1;3;0;5.832937537
2018;1;12;17;0.2;0;0;5.831609883
2018;1;12;18;-0.6;0;0;5.830283153
2018;1;12;19;-1;0;0;5.828957346
2018;1;12;20;-1.1;0;0;5.827632463
2018;1;12;21;-1.4;0;0;5.826308505
2018;1;12;22;-1.6;0;0;5.824985472
2018;1;12;23;-1.3;0;0;5.823663365
2018;1;13;0;-1;0;0;5.822342186
2018;1;13;1;-1;0;0;5.821021934
2018;1;13;2;-0.3;0;0;5.819702611
2018;1;13;3;-0.5;0;0;5.818384216
2018;1;13;4;-1.1;0;0;5.817066751
2018;1;13;5;-1;0;0;5.815750217
2018;1;13;6;-1.3;0;0;5.814434614
2018;1;13;7;-1.4;4;0;5.813119942
2018;1;13;8;-1.3;44;44;5.811806203
2018;1;13;9;-1;185;96;5.810493398
2018;1;13;10;-1.3;270;80;5.809181526
2018;1;13;11;0;314;89;5.807870588
2018;1;13;12;0.9;334;68;5.806560586
2018;1;13;13;2;284;65;5.80525152
2018;1;13;14;2.2;193;51;5.803943391
2018;1;13;15;2;75;40;5.802636199
2018;1;13;16;0.7;3;0;5.801329945
2018;1;13;17;-0.3;0;0;5.80002463
2018;1;13;18;-0.7;0;0;5.798720254
2018;1;13;19;-1.3;0;0;5.797416818
2018;1;13;20;-1.6;0;0;5.796114323
2018;1;13;21;-1.9;0;0;5.79481277
2018;1;13;22;-2.2;0;0;5.793512159
2018;1;13;23;-2.5;0;0;5.79221249
2018;1;14;0;-2.9;0;0;5.790913766
2018;1;14;1;-3.2;0;0;5.789615985
2018;1;14;2;-3.5;0;0;5.788319149
2018;1;14;3;-3.8;0;0;5.787023259
2018;1;14;4;-3.9;2;0;5.785728316
2018;1;14;5;-4.2;0;0;5.784434319
2018;1;14;6;-4.3;0;0;5.78314127
2018;1;14;7;-4.3;5;0;5.781849169
2018;1;14;8;-4.2;40;40;5.780558017
2018;1;14;9;-3;214;88;5.779267815
2018;1;14;10;-1.3;311;60;5.777978564
2018;1;14;11;0.3;356;62;5.776690263
2018;1;14;12;2.3;354;61;5.775402915
2018;1;14;13;3;304;59;5.774116518
2018;1;14;14;2.9;207;52;5.772831075
2018;1;14;15;2.1;83;36;5.771546586
2018;1;14;16;-0.4;5;0;5.770263051
2018;1;14;17;-1.5;2;0;5.768980471
2018;1;14;18;-1.8;2;0;5.767698847
2018;1;14;19;-1.7;2;0;5.76641818
2018;1;14;20;-1.9;1;0;5.76513847
2018;1;14;21;-2.2;4;0;5.763859717
2018;1;14;22;-2.2;1;0;5.762581923
2018;1;14;23;-2.6;0;0;5.761305089
2018;1;15;0;-2.9;4;0;5.760029214
2018;1;15;1;-3.3;2;0;5.7587543
2018;1;15;2;-3.4;1;0;5.757480347
2018;1;15;3;-3.6;1;0;5.756207356
2018;1;15;4;-3.5;1;0;5.754935328
2018;1;15;5;-3.5;0;0;5.753664263
2018;1;15;6;-3.9;0;0;5.752394161
2018;1;15;7;-3.6;3;0;5.751125025
2018;1;15;8;-3.1;30;30;5.749856853
2018;1;15;9;-2.8;70;70;5.748589648
2018;1;15;10;-2.3;170;147;5.747323409
2018;1;15;11;-1.6;207;171;5.746058138
2018;1;15;12;-1.3;99;99;5.744793834
2018;1;15;13;-0.8;118;117;5.743530499
2018;1;15;14;-0.6;117;103;5.742268134
2018;1;15;15;-0.5;64;53;5.741006738
2018;1;15;16;-0.7;3;0;5.739746313
2018;1;15;17;-1.2;0;0;5.738486859
2018;1;15;18;-1.8;0;0;5.737228378
2018;1;15;19;-2.1;0;0;5.735970868
2018;1;15;20;-2.5;0;0;5.734714332
2018;1;15;21;-2.9;0;0;5.73345877
2018;1;15;22;-3.5;0;0;5.732204183
2018;1;15;23;-4.2;0;0;5.730950571
2018;1;16;0;-4.5;0;0;5.729697935
2018;1;16;1;-4.2;0;0;5.728446275
2018;1;16;2;-4;0;0;5.727195593
2018;1;16;3;-3.1;0;0;5.725945889
2018;1;16;4;-2.8;1;0;5.724697163
2018;1;16;5;-3;1;0;5.723449416
2018;1;16;6;-2.9;2;0;5.72220265
2018;1;16;7;-2.9;2;0;5.720956864
2018;1;16;8;-2.5;36;36;5.719712059
2018;1;16;9;-1.9;149;106;5.718468236
2018;1;16;10;-1.3;123;121;5.717225396
2018;1;16;11;-1.1;104;104;5.715983538
2018;1;16;12;-0.9;172;157;5.714742665
2018;1;16;13;-0.8;119;118;5.713502776
2018;1;16;14;-0.6;91;90;5.712263872
2018;1;16;15;-0.9;47;46;5.711025954
2018;1;16;16;-1.1;4;0;5.709789023
2018;1;16;17;-1.2;1;0;5.708553079
2018;1;16;18;-1.2;0;0;5.707318122
2018;1;16;19;-1.2;1;0;5.706084154
2018;1;16;20;-1.3;1;0;5.704851175
2018;1;16;21;-1.5;0;0;5.703619186
2018;1;16;22;-1.6;1;0;5.702388187
2018;1;16;23;-1.9;0;0;5.701158179
2018;1;17;0;-2.3;0;0;5.699929163
2018;1;17;1;-2.7;0;0;5.698701139
2018;1;17;2;-3.3;0;0;5.697474108
2018;1;17;3;-4.2;0;0;5.696248071
2018;1;17;4;-4.5;2;0;5.695023028
2018;1;17;5;-5.1;0;0;5.69379898
2018;1;17;6;-5.3;0;0;5.692575928
2018;1;17;7;-4.8;8;0;5.691353871
2018;1;17;8;-4.2;42;42;5.690132812
2018;1;17;9;-3.1;144;107;5.68891275
2018;1;17;10;-1.2;266;112;5.687693687
2018;1;17;11;0.6;391;109;5.686475622
2018;1;17;12;1.7;365;87;5.685258556
2018;1;17;13;4;309;75;5.684042491
2018;1;17;14;4.3;238;77;5.682827426
2018;1;17;15;4.2;93;38;5.681613363
2018;1;17;16;2;7;0;5.680400302
2018;1;17;17;0.9;0;0;5.679188243
2018;1;17;18;0;0;0;5.677977188
2018;1;17;19;0;2;0;5.676767137
2018;1;17;20;0.5;1;0;5.67555809
2018;1;17;21;0.7;4;0;5.674350049
2018;1;17;22;0.5;2;0;5.673143013
2018;1;17;23;0.7;1;0;5.671936984
2018;1;18;0;0.9;4;0;5.670731962
2018;1;18;1;1;1;0;5.669527947
2018;1;18;2;1;4;0;5.668324942
2018;1;18;3;1.1;0;0;5.667122945
2018;1;18;4;1.2;0;0;5.665921958
2018;1;18;5;1.1;0;0;5.664721981
2018;1;18;6;1.2;0;0;5.663523015
2018;1;18;7;1.3;3;0;5.662325061
2018;1;18;8;1.4;24;24;5.661128119
2018;1;18;9;2.1;57;57;5.659932189
2018;1;18;10;2.4;57;57;5.658737274
2018;1;18;11;3.9;182;171;5.657543372
2018;1;18;12;4.9;234;168;5.656350485
2018;1;18;13;4.9;124;122;5.655158614
2018;1;18;14;4.8;84;84;5.653967758
2018;1;18;15;4.6;40;40;5.652777919
2018;1;18;16;4;4;0;5.651589097
2018;1;18;17;3.5;0;0;5.650401294
2018;1;18;18;3;0;0;5.649214509
2018;1;18;19;2.3;0;0;5.648028742
2018;1;18;20;2.3;0;0;5.646843996
2018;1;18;21;2.5;0;0;5.64566027
2018;1;18;22;2.3;0;0;5.644477565
2018;1;18;23;2.2;0;0;5.643295882
2018;1;19;0;1.7;0;0;5.642115221
2018;1;19;1;1.6;0;0;5.640935583
2018;1;19;2;1;0;0;5.639756968
2018;1;19;3;0.1;0;0;5.638579378
2018;1;19;4;0.4;0;0;5.637402812
2018;1;19;5;1.1;0;0;5.636227272
2018;1;19;6;0.8;0;0;5.635052758
2018;1;19;7;0.9;7;0;5.63387927
2018;1;19;8;0.8;48;48;5.63270681
2018;1;19;9;0.9;179;91;5.631535377
2018;1;19;10;1.7;306;126;5.630364973
2018;1;19;11;1.8;241;181;5.629195598
2018;1;19;12;2;260;165;5.628027253
2018;1;19;13;1.7;119;118;5.626859938
2018;1;19;14;1.7;87;87;5.625693654
2018;1;19;15;1.4;29;29;5.624528402
2018;1;19;16;0.9;5;5;5.623364182
2018;1;19;17;0.8;0;0;5.622200995
2018;1;19;18;0.4;0;0;5.621038841
2018;1;19;19;0;0;0;5.619877721
2018;1;19;20;-0.3;0;0;5.618717636
2018;1;19;21;-0.7;0;0;5.617558586
2018;1;19;22;-0.6;0;0;5.616400572
2018;1;19;23;-1.2;0;0;5.615243594
2018;1;20;0;-1.7;0;0;5.614087654
2018;1;20;1;-2.8;0;0;5.612932751
2018;1;20;2;-3.2;0;0;5.611778887
2018;1;20;3;-3.7;0;0;5.610626061
2018;1;20;4;-4.1;0;0;5.609474275
2018;1;20;5;-4.5;0;0;5.608323529
2018;1;20;6;-4.8;0;0;5.607173824
2018;1;20;7;-4.7;12;0;5.606025161
2018;1;20;8;-4.4;61;61;5.604877539
2018;1;20;9;-2.9;218;99;5.60373096
2018;1;20;10;-1.8;320;60;5.602585424
2018;1;20;11;-0.4;369;70;5.601440932
2018;1;20;12;0.6;358;92;5.600297484
2018;1;20;13;1.2;329;79;5.599155081
2018;1;20;14;1.7;219;60;5.598013724
2018;1;20;15;1.4;112;59;5.596873413
2018;1;20;16;0.7;1;0;5.595734149
2018;1;20;17;-0.5;0;0;5.594595932
2018;1;20;18;-1.1;1;0;5.593458764
2018;1;20;19;-1.1;0;0;5.592322643
2018;1;20;20;-1.1;2;0;5.591187573
2018;1;20;21;-1.2;2;0;5.590053552
2018;1;20;22;-1.5;2;0;5.588920581
2018;1;20;23;-2;0;0;5.587788661
2018;1;21;0;-1.6;3;0;5.586657793
2018;1;21;1;-1.2;2;0;5.585527978
2018;1;21;2;-1.2;2;0;5.584399215
2018;1;21;3;-1.1;0;0;5.583271505
2018;1;21;4;-1;1;0;5.582144849
2018;1;21;5;-0.9;0;0;5.581019248
2018;1;21;6;-0.8;0;0;5.579894703
2018;1;21;7;-0.7;1;0;5.578771213
2018;1;21;8;-0.6;16;16;5.577648779
2018;1;21;9;0.1;58;58;5.576527402
2018;1;21;10;0.5;78;78;5.575407083
2018;1;21;11;1;126;126;5.574287822
2018;1;21;12;1.1;94;94;5.57316962
2018;1;21;13;1.5;106;106;5.572052477
2018;1;21;14;1.7;66;66;5.570936395
2018;1;21;15;1.8;32;32;5.569821372
2018;1;21;16;1.5;3;3;5.568707411
2018;1;21;17;1.2;0;0;5.567594511
2018;1;21;18;0.8;0;0;5.566482674
2018;1;21;19;0.4;0;0;5.5653719
2018;1;21;20;0.5;0;0;5.564262189
2018;1;21;21;0.3;0;0;5.563153542
2018;1;21;22;0.2;0;0;5.56204596
2018;1;21;23;-0.6;0;0;5.560939443
2018;1;22;0;-0.8;0;0;5.559833991
2018;1;22;1;-0.5;0;0;5.558729607
2018;1;22;2;-0.4;0;0;5.557626289
2018;1;22;3;-0.4;1;0;5.556524038
2018;1;22;4;-0.6;0;0;5.555422856
2018;1;22;5;-0.7;0;0;5.554322743
2018;1;22;6;-0.4;0;0;5.553223699
2018;1;22;7;-0.1;1;0;5.552125724
2018;1;22;8;0.6;28;28;5.551028821
2018;1;22;9;1.9;90;90;5.549932988
2018;1;22;10;3;208;151;5.548838227
2018;1;22;11;2.5;97;97;5.547744538
2018;1;22;12;2;64;64;5.546651922
2018;1;22;13;1.9;33;33;5.545560379
2018;1;22;14;1.4;26;26;5.54446991
2018;1;22;15;1.4;28;28;5.543380516
2018;1;22;16;1.5;7;7;5.542292197
2018;1;22;17;0.8;0;0;5.541204953
2018;1;22;18;0.8;0;0;5.540118786
2018;1;22;19;0.9;0;0;5.539033695
2018;1;22;20;0.7;0;0;5.537949682
2018;1;22;21;0.6;0;0;5.536866747
2018;1;22;22;0.6;1;0;5.53578489
2018;1;22;23;0.5;0;0;5.534704113
2018;1;23;0;0.6;0;0;5.533624415
2018;1;23;1;0.6;0;0;5.532545797
2018;1;23;2;0.6;0;0;5.53146826
2018;1;23;3;0.5;0;0;5.530391805
2018;1;23;4;0.6;0;0;5.529316432
2018;1;23;5;0.2;1;0;5.528242141
2018;1;23;6;0.3;0;0;5.527168933
2018;1;23;7;0.3;4;4;5.526096809
2018;1;23;8;0.4;36;36;5.525025769
2018;1;23;9;0.6;105;104;5.523955813
2018;1;23;10;1;137;131;5.522886944
2018;1;23;11;1.2;138;137;5.52181916
2018;1;23;12;1.1;154;150;5.520752462
2018;1;23;13;1.1;86;86;5.519686852
2018;1;23;14;1;62;62;5.518622329
2018;1;23;15;0.8;22;22;5.517558895
2018;1;23;16;0.8;5;5;5.516496549
2018;1;23;17;0.7;1;0;5.515435292
2018;1;23;18;0.7;0;0;5.514375126
2018;1;23;19;0.6;0;0;5.513316049
2018;1;23;20;0.4;0;0;5.512258064
2018;1;23;21;0.4;1;0;5.51120117
2018;1;23;22;0.2;0;0;5.510145369
2018;1;23;23;0.3;1;0;5.50909066
2018;1;24;0;0;2;0;5.508037044
2018;1;24;1;0;1;0;5.506984522
2018;1;24;2;-0.4;0;0;5.505933094
2018;1;24;3;-0.8;1;0;5.504882761
2018;1;24;4;-1.5;0;0;5.503833524
2018;1;24;5;-1.6;0;0;5.502785383
2018;1;24;6;-2;0;0;5.501738338
2018;1;24;7;-2.6;5;5;5.50069239
2018;1;24;8;-2.9;49;49;5.49964754
2018;1;24;9;-2.9;253;95;5.498603788
2018;1;24;10;-2.9;375;105;5.497561135
2018;1;24;11;-2.8;390;93;5.496519581
2018;1;24;12;-3;392;106;5.495479127
2018;1;24;13;-3.9;233;155;5.494439774
2018;1;24;14;-4.1;258;96;5.493401521
2018;1;24;15;-4.7;124;41;5.49236437
2018;1;24;16;-5.8;13;13;5.491328321
2018;1;24;17;-6.5;0;0;5.490293375
2018;1;24;18;-7.2;0;0;5.489259532
2018;1;24;19;-7.5;0;0;5.488226792
2018;1;24;20;-8.2;0;0;5.487195157
2018;1;24;21;-8.9;0;0;5.486164626
2018;1;24;22;-8.6;0;0;5.485135201
2018;1;24;23;-8.2;0;0;5.484106882
2018;1;25;0;-8.1;1;0;5.483079669
2018;1;25;1;-8.1;0;0;5.482053563
2018;1;25;2;-8.2;0;0;5.481028564
2018;1;25;3;-8.2;0;0;5.480004674
2018;1;25;4;-8.4;0;0;5.478981892
2018;1;25;5;-8.4;0;0;5.47796022
2018;1;25;6;-8.3;0;0;5.476939657
2018;1;25;7;-8.3;4;4;5.475920204
2018;1;25;8;-7.8;42;42;5.474901862
2018;1;25;9;-7.4;102;101;5.473884631
2018;1;25;10;-7;153;140;5.472868512
2018;1;25;11;-6.8;182;179;5.471853506
2018;1;25;12;-6.5;214;178;5.470839612
2018;1;25;13;-6;295;145;5.469826832
2018;1;25;14;-5.6;233;70;5.468815165
2018;1;25;15;-6.2;111;52;5.467804614
2018;1;25;16;-7.1;12;12;5.466795177
2018;1;25;17;-7.7;0;0;5.465786856
2018;1;25;18;-8.9;0;0;5.464779651
2018;1;25;19;-10.7;0;0;5.463773562
2018;1;25;20;-11;0;0;5.462768591
2018;1;25;21;-9.3;0;0;5.461764738
2018;1;25;22;-8.8;1;0;5.460762002
2018;1;25;23;-8.6;0;0;5.459760386
2018;1;26;0;-10.1;0;0;5.458759888
2018;1;26;1;-11.7;0;0;5.457760511
2018;1;26;2;-12.4;0;0;5.456762254
2018;1;26;3;-12.8;0;0;5.455765118
2018;1;26;4;-13;0;0;5.454769103
2018;1;26;5;-13.1;0;0;5.45377421
2018;1;26;6;-13.2;0;0;5.45278044
2018;1;26;7;-12.8;11;11;5.451787792
2018;1;26;8;-12;97;97;5.450796268
2018;1;26;9;-10.1;233;63;5.449805868
2018;1;26;10;-8.4;342;67;5.448816593
2018;1;26;11;-7.6;381;99;5.447828443
2018;1;26;12;-6;404;76;5.446841418
2018;1;26;13;-5.3;356;62;5.445855519
2018;1;26;14;-4.7;255;58;5.444870747
2018;1;26;15;-4.6;124;44;5.443887103
2018;1;26;16;-5.9;16;16;5.442904585
2018;1;26;17;-7.6;0;0;5.441923197
2018;1;26;18;-8.7;1;0;5.440942936
2018;1;26;19;-9.6;0;0;5.439963805
2018;1;26;20;-10.2;0;0;5.438985804
2018;1;26;21;-10.5;0;0;5.438008933
2018;1;26;22;-10.6;0;0;5.437033193
2018;1;26;23;-11.1;0;0;5.436058584
2018;1;27;0;-11.3;0;0;5.435085107
2018;1;27;1;-11.3;0;0;5.434112763
2018;1;27;2;-11.5;0;0;5.433141551
2018;1;27;3;-10.8;2;0;5.432171472
2018;1;27;4;-9;2;0;5.431202528
2018;1;27;5;-9.2;0;0;5.430234718
2018;1;27;6;-8.8;2;0;5.429268042
2018;1;27;7;-8.5;8;8;5.428302502
2018;1;27;8;-8;50;50;5.427338099
2018;1;27;9;-8;137;117;5.426374831
2018;1;27;10;-7.5;334;133;5.4254127
2018;1;27;11;-6.2;464;146;5.424451707
2018;1;27;12;-5;448;123;5.423491852
2018;1;27;13;-4.5;374;92;5.422533135
2018;1;27;14;-4;261;65;5.421575557
2018;1;27;15;-3.9;123;51;5.420619119
2018;1;27;16;-5.1;19;19;5.419663821
2018;1;27;17;-6.5;0;0;5.418709663
2018;1;27;18;-7.6;0;0;5.417756646
2018;1;27;19;-8.2;0;0;5.416804771
2018;1;27;20;-8.6;2;0;5.415854037
2018;1;27;21;-8.9;0;0;5.414904447
2018;1;27;22;-9.3;1;0;5.413955999
2018;1;27;23;-8.8;1;0;5.413008694
2018;1;28;0;-8.9;0;0;5.412062534
2018;1;28;1;-8.9;1;0;5.411117518
2018;1;28;2;-9.4;2;0;5.410173647
2018;1;28;3;-9.5;0;0;5.409230922
2018;1;28;4;-9.4;0;0;5.408289343
2018;1;28;5;-10;0;0;5.40734891
2018;1;28;6;-9.9;0;0;5.406409624
2018;1;28;7;-9.6;12;12;5.405471486
2018;1;28;8;-8.7;80;80;5.404534495
2018;1;28;9;-6.9;239;113;5.403598653
2018;1;28;10;-4.6;362;128;5.40266396
2018;1;28;11;-2.7;280;183;5.401730417
2018;1;28;12;-1.7;179;173;5.400798024
2018;1;28;13;-0.6;105;105;5.39986678
2018;1;28;14;-0.3;114;113;5.398936688
2018;1;28;15;-0.2;56;56;5.398007748
2018;1;28;16;-0.2;10;10;5.397079959
2018;1;28;17;-0.3;1;0;5.396153323
2018;1;28;18;-0.4;1;0;5.395227839
2018;1;28;19;-0.4;1;0;5.39430351
2018;1;28;20;-0.7;1;0;5.393380333
2018;1;28;21;-2.4;0;0;5.392458312
2018;1;28;22;-2.8;0;0;5.391537445
2018;1;28;23;-3.2;0;0;5.390617733
2018;1;29;0;-3.8;0;0;5.389699178
2018;1;29;1;-3.5;1;0;5.388781779
2018;1;29;2;-2.7;1;0;5.387865536
2018;1;29;3;-2.2;1;0;5.386950451
2018;1;29;4;-1.1;0;0;5.386036523
2018;1;29;5;-1.1;1;0;5.385123754
2018;1;29;6;-1.1;0;0;5.384212144
2018;1;29;7;-0.9;12;12;5.383301693
2018;1;29;8;1;61;61;5.382392401
2018;1;29;9;4.9;50;50;5.38148427
2018;1;29;10;6;139;136;5.380577299
2018;1;29;11;6.1;87;87;5.37967149
2018;1;29;12;5;73;73;5.378766842
2018;1;29;13;4.5;57;57;5.377863356
2018;1;29;14;4.1;49;49;5.376961033
2018;1;29;15;4.4;20;20;5.376059873
2018;1;29;16;4.1;4;4;5.375159876
2018;1;29;17;4.4;0;0;5.374261044
2018;1;29;18;6.7;0;0;5.373363376
2018;1;29;19;7.6;0;0;5.372466873
2018;1;29;20;8.3;1;0;5.371571535
2018;1;29;21;7.9;0;0;5.370677363
2018;1;29;22;7.8;0;0;5.369784358
2018;1;29;23;7.8;0;0;5.368892519
2018;1;30;0;7.7;0;0;5.368001848
2018;1;30;1;7.8;0;0;5.367112344
2018;1;30;2;7.9;0;0;5.366224009
2018;1;30;3;7.7;0;0;5.365336843
2018;1;30;4;7.8;0;0;5.364450846
2018;1;30;5;8;0;0;5.363566018
2018;1;30;6;7.9;0;0;5.362682361
2018;1;30;7;7.6;2;0;5.361799874
2018;1;30;8;7.6;17;17;5.360918558
2018;1;30;9;7.6;41;41;5.360038414
2018;1;30;10;7.6;60;60;5.359159442
2018;1;30;11;7.6;100;100;5.358281642
2018;1;30;12;7.9;124;124;5.357405015
2018;1;30;13;8.1;80;80;5.356529562
2018;1;30;14;8.3;101;101;5.355655282
2018;1;30;15;8.5;52;52;5.354782177
2018;1;30;16;8.5;8;8;5.353910246
2018;1;30;17;9;1;0;5.353039491
2018;1;30;18;9.1;2;0;5.352169912
2018;1;30;19;8.8;0;0;5.351301508
2018;1;30;20;8.4;2;0;5.350434282
2018;1;30;21;8;2;0;5.349568232
2018;1;30;22;7.9;2;0;5.34870336
2018;1;30;23;7.8;1;0;5.347839666
2018;1;31;0;7.4;0;0;5.34697715
2018;1;31;1;7;0;0;5.346115813
2018;1;31;2;6.7;1;0;5.345255656
2018;1;31;3;6.3;0;0;5.344396679
2018;1;31;4;5.9;0;0;5.343538881
2018;1;31;5;5.4;0;0;5.342682265
2018;1;31;6;4.5;0;0;5.341826829
2018;1;31;7;3;20;20;5.340972576
2018;1;31;8;2.7;67;67;5.340119504
2018;1;31;9;4.1;184;114;5.339267615
2018;1;31;10;6.6;331;123;5.338416909
2018;1;31;11;8.8;402;96;5.337567386
2018;1;31;12;10.6;443;168;5.336719047
2018;1;31;13;10.8;236;167;5.335871892
2018;1;31;14;10.8;178;142;5.335025923
2018;1;31;15;10.7;121;64;5.334181138
2018;1;31;16;8.2;13;13;5.333337539
2018;1;31;17;6.5;0;0;5.332495127
2018;1;31;18;5.4;2;0;5.331653901
2018;1;31;19;4.2;0;0;5.330813861
2018;1;31;20;3.2;0;0;5.32997501
2018;1;31;21;1.7;0;0;5.329137346
2018;1;31;22;0.4;0;0;5.32830087
2018;1;31;23;-1.2;0;0;5.327465584
